<?xml version="1.0" encoding="UTF-8" ?>
<!DOCTYPE mapper
	PUBLIC "-//mybatis.org//DTD Mapper 3.0//EN"
	"http://mybatis.org/dtd/mybatis-3-mapper.dtd">
 
<mapper namespace="JoinMapper">

	<select id="joinEmailChk" parameterType="java.lang.String" resultType="int">
		select count(*) from user_list where email = #{email}
	</select>


	<insert id="joinUser" parameterType="kr.co.creator.vo.UserVO">
		insert into user_list (user_name, email, user_password, jumin, phone, 
								addr, user_chk_email, user_terms_of_service, 
								user_privacy_policy_agree, user_join_date)
		values(#{user_name}, #{email}, #{user_password}, #{jumin}, #{phone}, 
				#{addr}, #{user_chk_email}, #{user_terms_of_service}, 
				#{user_privacy_policy_agree}, now())
		
        <selectKey resultType="String" keyProperty="user_num" order="AFTER">
            SELECT LAST_INSERT_ID()
        </selectKey>
	</insert>
	
	
	<insert id="joinBusi" parameterType="kr.co.creator.vo.Busi_userVO">
		insert into busi_user_list (busi_resi_num, busi_password, com_name, presen_name, cor_num,
									homepage, address, pre_phone, fax_num, manager_name, manager_birth, 
									manager_email, office_num, manager_phone, manager_fax_num, manager_task, 
									manager_rank, manager_depart, busi_chk_email, busi_terms_of_service, 
									busi_privacy_policy_agree, busi_join_date)
		values(#{busi_resi_num}, #{busi_password}, #{com_name}, #{presen_name}, #{cor_num}, 
				#{homepage}, #{address}, #{pre_phone}, #{fax_num}, #{manager_name}, #{manager_birth}, 
				#{manager_email}, #{office_num}, #{manager_phone}, #{manager_fax_num}, #{manager_task}, 
				#{manager_rank}, #{manager_depart}, #{busi_chk_email}, #{busi_terms_of_service}, 
				#{busi_privacy_policy_agree}, now())
	
       <selectKey resultType="String" keyProperty="busi_num" order="AFTER">
           SELECT LAST_INSERT_ID()
       </selectKey>
	</insert>
	
	<select id="joinLicenseChk" parameterType="java.lang.String" resultType="int">
		select count(busi_resi_num) from busi_user_list where busi_resi_num = #{busi_resi_num}
	</select>
	
	<select id="joinMagEmailChk" parameterType="java.lang.String" resultType="int">
		select count(*) from busi_user_list where manager_email = #{manager_email}
	</select>
	

</mapper>



