<?xml version="1.0" encoding="UTF-8" ?>
<!DOCTYPE mapper
	PUBLIC "-//mybatis.org//DTD Mapper 3.0//EN"
	"http://mybatis.org/dtd/mybatis-3-mapper.dtd">
 
<mapper namespace="LoanMapper">

	<insert id="documentInsert"
			parameterType="kr.co.creator.vo.DocumentVO">
		insert into document ( busi_regi
							, jumin_chobon
							, cer_ingam
							, cer_budong
							, cer_dong
							,cer_income
							,cer_vat
							,cer_other
							,copy_id
							,copy_bankbook
							,chk_select
							,judge_status
							,project_num)
		values( #{busi_regi}
				, #{jumin_chobon}
				, #{cer_ingam}
				, #{cer_budong}
				, #{cer_dong}
				, #{cer_income}
				, #{cer_vat}
				, #{cer_other}
				, #{copy_id}
				, #{copy_bankbook}
				, #{chk_select}
				, 1
				, #{project_num})
		<selectKey resultType="String" keyProperty="document_num" order="AFTER">
			SELECT LAST_INSERT_ID()
		</selectKey>
	</insert>
<!-- 
	<insert id="insert_project"	parameterType="kr.co.creator.vo.ProjectVO">
			INSERT INTO project_list (busi_num, img, project_name, type, genre, grade, more_information, loan_bank_name,
									loan_amount, price, loan_period, repay_method, loan_class, judge_status, agree_chk_1, 
									agree_chk_2, agree_chk_3, agree_chk_4, agree_chk_5, agree_chk_6)
			VALUES (#{busi_num}, #{img_path}, #{project_name}, #{type}, #{genre}, #{grade}, #{more_information}, #{loan_bank_name},
					#{loan_amount}, #{price}, #{loan_period}, #{repay_method}, #{loan_class}, 1, #{agree_chk_1}, 
					#{agree_chk_2}, #{agree_chk_3}, #{agree_chk_4}, #{agree_chk_5}, #{agree_chk_6})
		<selectKey resultType="String" keyProperty="project_num" order="AFTER">
			SELECT LAST_INSERT_ID()
		</selectKey>
	</insert>
-->
	<update id="update_project" parameterType="kr.co.creator.vo.ProjectVO">
		update project_list
		set img = #{img_path}, img_path = #{img_path}, project_name = #{project_name}, type = #{type}, genre = #{genre}
			,age_grade = #{age_grade}, more_information = #{more_information}
		where project_num = #{project_num}
	</update>
	
	<update id="update_guarantee" parameterType="kr.co.creator.vo.GuaranteeVO">
		update guarantee
		set	guarantee_img = #{guarantee_img_path}, debtor_type = #{debtor_type}, business_type = #{business_type}, guarantee_name = #{guarantee_name}
			, supply_area = #{supply_area}, exclusive_area = #{exclusive_area}, map = #{map}, location = #{location}, comple_year = #{comple_year}
			, connoisseur = #{connoisseur}, judge_status = 1, reference_file1 = #{reference_file1_path}, reference_file2 = #{reference_file2_path}
			, reference_file3 = #{reference_file3_path}
		where guarantee_num = #{guarantee_num}
	</update>
	
	<select id="RepaySelect" parameterType="kr.co.creator.vo.RepayVO" resultType="java.lang.String">
		SELECT count(loan_history) refund_count
		FROM repay_list
		WHERE repay_num = #{repay_num}
	</select>

	<insert id="ApplyLoanInsert" parameterType="kr.co.creator.vo.ProjectVO">
		insert into project_list (busi_num, loan_bank_name, loan_amount, price, loan_period, repay_method,
									loan_class, agree_chk_1, agree_chk_2, agree_chk_3, agree_chk_4, agree_chk_5, 
									agree_chk_6, judge_status)
		values(#{busi_num}, #{loan_bank_name}, #{loan_amount}, #{price}, #{loan_period}, 
				#{repay_method}, #{loan_class}, #{agree_chk_1}, #{agree_chk_2}, #{agree_chk_3}, #{agree_chk_4}, 
				#{agree_chk_5}, #{agree_chk_6}, 1)
       <selectKey resultType="String" keyProperty="project_num" order="AFTER">
           SELECT LAST_INSERT_ID()
       </selectKey>
	</insert>
	
	<insert id="ApplyLoanInsert1" parameterType="kr.co.creator.vo.ProjectVO">
		insert into guarantee (guarantee_type, object_type, project_num)
		values(#{guarantee_type}, #{object_type},  #{project_num})
       <selectKey resultType="String" keyProperty="guarantee_num" order="AFTER">
           SELECT LAST_INSERT_ID()
       </selectKey>
	</insert>	

</mapper>