<?xml version="1.0" encoding="UTF-8" ?>
<!DOCTYPE mapper
	PUBLIC "-//mybatis.org//DTD Mapper 3.0//EN"
	"http://mybatis.org/dtd/mybatis-3-mapper.dtd">
 
<mapper namespace="LoginMapper">
	
	<select id="loginUser" parameterType="kr.co.creator.vo.MemberVO" resultType="kr.co.creator.vo.MemberVO">
		select * 
		from user_list
		where email=#{email} and user_password=#{user_password}
	</select>
	
	<select id="loginBusi" parameterType="kr.co.creator.vo.MemberVO" resultType="kr.co.creator.vo.MemberVO">
		select * 
		from busi_user_list
		where busi_resi_num=#{busi_resi_num} and busi_password=#{busi_password}
	</select>
	
	<select id="findPwdChk" parameterType="java.lang.String" resultType="int">
	     select count(*) 
	     from user_list 
	     where email=#{email}
 	</select>
 	
 	<select id="busifindChk" parameterType="java.lang.String" resultType="int">
	     select count(*) 
	     from busi_user_list 
	     where manager_email=#{manager_email}
 	</select>
	
	<update id="updatePwd" parameterType="kr.co.creator.vo.FindPwdVO">
		update user_list
		set user_password = #{newPassword} 
		where email = #{email}
	</update>
	
	<update id="insertUserNumber" parameterType="kr.co.creator.vo.FindPwdVO">
		update user_list
		set cer_number = #{newPassword} 
		where email = #{email}
	</update>
	
	<select id="selectBusiName" parameterType="java.lang.String" resultType="java.lang.String">
		select manager_name
		from busi_user_list
		where manager_email = #{manager_email}
	</select>
	
	<select id="selectName" parameterType="java.lang.String" resultType="java.lang.String">
		select user_name
		from user_list
		where email = #{email}
	</select>
	
	<select id="selectEmail" parameterType="kr.co.creator.vo.FindPwdVO" resultType="kr.co.creator.vo.FindPwdVO">
		select email
		from user_list
		where user_name = #{user_name}
	</select>
	
	<select id="userList" parameterType="kr.co.creator.vo.MemberListVO">
		select	*
		from	user_list
	</select>
	
	<select id="busiUserList" parameterType="kr.co.creator.vo.MemberListVO">
		select	*
		from	busi_user_list
	</select>
	
	<update id="insertNumber" parameterType="kr.co.creator.vo.FindPwdVO">
		update busi_user_list
		set cer_number = #{newPassword} 
		where manager_email = #{manager_email}
	</update>
	

	<update id="insertNumber1" parameterType="kr.co.creator.vo.FindPwdVO">
		update user_list
		set cer_number = #{newPassword} 
		where email = #{email}
	</update>

	<select id="CheckCerUserNumber" parameterType="kr.co.creator.vo.FindPwdVO" resultType="int">
		select count(*)
		from user_list
		where cer_number = #{cer_number}
	</select>

	<select id="CheckCerNumber" parameterType="kr.co.creator.vo.Busi_userVO" resultType="int">
		select count(*)
		from busi_user_list
		where cer_number = #{cer_number}
	</select>
	
	<select id="CheckCerNumber1" resultType="int">
		select count(*)
		from user_list
		where cer_number = #{cer_number}
	</select>
	
	<update id="userDataUpdateFinal" parameterType="kr.co.creator.vo.Busi_userVO">
		update busi_user_list
		set manager_name = #{manager_name}, manager_phone = #{manager_phone}, manager_birth = #{manager_birth} 
		where busi_num = #{busi_num} and cer_number = #{cer_number}
	</update>
	
	<update id="userDataUpdateFinal1" parameterType="kr.co.creator.vo.UserVO">
		update user_list
		set user_name = #{user_name}, phone = #{phone}, jumin = #{jumin} 
		where user_num = #{user_num} and cer_number = #{cer_number}
	</update>
	 
	<insert id="historyTime" parameterType="kr.co.creator.vo.MemberVO" >
		insert into history (user_num, busi_num, log_in_out_time, log_in_out_type)
		values (#{user_num}, #{busi_num}, now(), 1)
	</insert>
	
	<insert id="logoutTime" parameterType="kr.co.creator.vo.MemberVO">
		insert into history (user_num, busi_num, log_in_out_time, log_in_out_type)
		values (#{user_num}, #{busi_num}, now(), 0)
	</insert>
	
	<select id="historyIn" parameterType="kr.co.creator.vo.HistoryVO" resultType="kr.co.creator.vo.HistoryVO">
		select * 
		from history 
		where (user_num = #{user_num} AND log_in_out_type = '1') OR (busi_num = #{busi_num} AND log_in_out_type = '1')
		order by history_num desc
		limit 3
	</select>
	
	<select id="historyOut" parameterType="kr.co.creator.vo.MemberVO" resultType="kr.co.creator.vo.HistoryVO">
		select * 
		from history 
		where (user_num = #{user_num} AND log_in_out_type = '0') OR (busi_num = #{busi_num} AND log_in_out_type = '0')
		order by history_num desc
		limit 3
	</select>
</mapper>
