<?xml version="1.0" encoding="UTF-8" ?>
<!DOCTYPE mapper
	PUBLIC "-//mybatis.org//DTD Mapper 3.0//EN"
	"http://mybatis.org/dtd/mybatis-3-mapper.dtd">
 
<mapper namespace="MainMapper">

	<select id="projectList" parameterType="kr.co.creator.vo.ProjectVO" resultType="kr.co.creator.vo.ProjectVO">
		SELECT * 
		FROM project_list p 
		LEFT OUTER JOIN guarantee g 
		ON p.project_num = g.project_num 
		WHERE 	(p.ach_state != "상환완료" 
		AND 	p.ach_state != "중도상환")
		AND		p.judge_status = 2
		ORDER BY p.regi_date DESC
	</select>
	
	<select id="project_calc" resultType="kr.co.creator.vo.ProjectVO">
		SELECT	COUNT(*) project_count, CAST(SUM(rate) / COUNT(*) AS DECIMAL(4, 2)) rate_average
		FROM	project_list 
	</select>
	
<!-- 	<select id="projectList1" resultType="kr.co.creator.vo.ProjectVO"> -->
<!-- 		select *  -->
<!-- 		from project_list -->
<!-- 		where ad_grade = 1 -->
<!-- 	</select> -->
	
<!-- 	<select id="projectList2" resultType="kr.co.creator.vo.ProjectVO"> -->
<!-- 		select *  -->
<!-- 		from project_list -->
<!-- 		where ad_grade = 2 -->
<!-- 	</select> -->
	
<!-- 	<select id="projectList3" resultType="kr.co.creator.vo.ProjectVO"> -->
<!-- 		select *  -->
<!-- 		from project_list -->
<!-- 		where ad_grade = 3 -->
<!-- 	</select> -->
	
</mapper>