<?xml version="1.0" encoding="UTF-8" ?>
<!DOCTYPE mapper
	PUBLIC "-//mybatis.org//DTD Mapper 3.0//EN"
	"http://mybatis.org/dtd/mybatis-3-mapper.dtd">
 
<mapper namespace="MypageMapper">

<!-- 	<select id="assetsList" -->
<!-- 			resultType="kr.co.creator.vo.InvestVO"> -->
<!-- 		select a.deposit -->
<!-- 			, p.guarantee_price -->
<!-- 			, i.invest_price -->
<!-- 			FROM i.invest_list, a.account_list, p.project_list -->
<!-- 			where p.project_num = i.project_num -->
<!-- 				   p.project_num =  a.project_num -->
<!-- 				 and i.user_num = #{user_num} -->
<!-- 	</select> -->
	
	<select id="InvestList"
			parameterType="kr.co.creator.vo.MemberVO"
			resultType="kr.co.creator.vo.MypageVO">
			select i.invest_date 
			, p.project_num 
			, p.project_name 
			, p.rate rate 
			, i.invest_price 
			, p.refund_count 
			, p.refund_due_date
			, p.refund_end 
			, p.ach_state 
			from invest_list i, project_list p
			where i.project_num = p.project_num 
			<if test="user_num != null and user_num != ''">
				AND i.user_num = #{user_num}
			</if>
			<if test="busi_num != null and busi_num != ''">
				AND i.busi_num = #{busi_num}
			</if>
			order by invest_date desc
	</select>
	
	<select id="loanList"
		resultType="kr.co.creator.vo.ProjectVO">
		select *
		from project_list p, account_list a
		where p.busi_num = a.busi_num
		<if test="busi_num != null and busi_num != ''">
				AND p.busi_num = #{busi_num}
			</if>
	</select>
	
	<select id="bankNumChk" parameterType="java.lang.String" resultType="int">
		select count(*) 
		from account_list 
		where bank_num = #{bank_num}
	</select>
	
	<select id="Account"
		parameterType="kr.co.creator.vo.MemberVO"
		resultType="kr.co.creator.vo.AccountVO">
		select *
		from account_list
		where user_num = #{user_num}
		OR busi_num = #{busi_num}
	</select>
	
	<insert id="useraccountinsert" parameterType="kr.co.creator.vo.AccountVO">
		insert into account_list
		(account_name, bank_num, bank_name, user_num)
		value(#{account_name}, #{bank_num}, #{bank_name}, #{user_num})
	</insert>
	
	<insert id="userinoutinsert" parameterType="kr.co.creator.vo.AccountVO">
		insert into in_out
		(account_num, user_num)
		value(#{account_num}, #{user_num})
	</insert>
	
	<insert id="busiaccountinsert" parameterType="kr.co.creator.vo.AccountVO">
		insert into account_list
		(account_name, bank_num, bank_name, busi_num)
		value(#{account_name}, #{bank_num}, #{bank_name}, #{busi_num})
	</insert>
	
	<insert id="busiinoutinsert" parameterType="kr.co.creator.vo.AccountVO">
		insert into in_out
		(account_num, busi_num)
		value(#{account_num}, #{busi_num})
	</insert>
	
<!-- 	<insert id="accountinsert" parameterType="kr.co.creator.vo.AccountVO"> -->
<!-- 		insert into account_list -->
<!-- 		where 1 = 1 -->
<!-- 		<if test="user_num != null and user_num != ''"> -->
<!-- 			AND user_num = #{user_num} -->
<!-- 		</if> -->
<!-- 		<if test="busi_num != null and busi_num != ''"> -->
<!-- 			OR busi_num = #{busi_num} -->
<!-- 		</if>  -->
<!-- 		(account_name, bank_num, bank_name) -->
<!-- 		value(#{account_name}, #{bank_num}, #{bank_name}) -->
<!-- 	</insert> -->
	
	<update id="depoUpdate" parameterType="kr.co.creator.vo.AccountVO">
		update account_list 
		set deposit = #{deposit} 
		where 1 = 1
		<if test="user_num != null and user_num != ''">
			AND user_num = #{user_num}
		</if>
		<if test="busi_num != null and busi_num != ''">
			OR busi_num = #{busi_num}
		</if> 
	</update>
	
	<select id="User"
		parameterType="kr.co.creator.vo.MemberVO"
		resultType="kr.co.creator.vo.UserVO">
		select *
		from user_list
		where user_num = #{user_num}
	</select>
	
	<select id="Busi"
		parameterType="kr.co.creator.vo.MemberVO"
		resultType="kr.co.creator.vo.Busi_userVO">
		select *
		from busi_user_list
		where busi_num = #{busi_num}
	</select>
	
	<select id="Inout"
		parameterType="kr.co.creator.vo.MemberVO"
		resultType="kr.co.creator.vo.InOutVO">
		select sum(input_history) input_history, sum(output_history) output_history 
			FROM in_out i, account_list a 
			WHERE i.account_num = a.account_num 
			AND (a.user_num = #{user_num}
			OR a.busi_num = #{busi_num})
	</select>

	<select id="MyPageModifyU" parameterType="kr.co.creator.vo.MemberListVO" resultType="kr.co.creator.vo.MemberListVO">
		select *
		from user_list	
		where user_num = #{user_num} and user_password = #{user_password}
	</select>
	
	<select id="MyPageModifyB" parameterType="kr.co.creator.vo.MemberListVO" resultType="kr.co.creator.vo.MemberListVO">
		select * 
		from busi_user_list 
		where busi_num = #{busi_num} and busi_password = #{busi_password}
	</select>
	
	<select id="MyPageBank" parameterType="kr.co.creator.vo.AccountVO" resultType="kr.co.creator.vo.AccountVO">
		select * 
		from account_list 
		where user_num = #{user_num} or busi_num = #{busi_num} 
	</select>	
	
	<update id="UserDataUpdate" parameterType="kr.co.creator.vo.MemberVO">
		update user_list 
		set user_name = #{user_name}, jumin = #{jumin}, phone = #{phone}  
		where user_num = #{user_num}
	</update>
	
	<update id="UserDataUpdate1" parameterType="kr.co.creator.vo.MemberVO">
		update user_list 
		set manager_name = #{manager_name}, manager_birth = #{manager_birth}, manager_phone = #{manager_phone}  
		where busi_num = #{busi_num}
	</update>
	
	<update id="UpdatePass" parameterType="kr.co.creator.vo.MemberVO">
		update user_list 
		set user_password = #{user_password} 
		where user_num = #{user_num}
	</update>
	
	<delete id="Deleteuser" parameterType="kr.co.creator.vo.MemberVO">
		delete from user_list 
		where user_num = #{user_num}
	</delete>
	
	<update id="UpdatePass1" parameterType="kr.co.creator.vo.MemberVO">
		update busi_user_list 
		set busi_password = #{busi_password} 
		where busi_num = #{busi_num}
	</update>
	
	<delete id="Deletebusi" parameterType="kr.co.creator.vo.MemberVO">
		delete from busi_user_list 
		where busi_num = #{busi_num}
	</delete>	
	
	
	
</mapper>


