<?xml version="1.0" encoding="UTF-8" ?>
<!DOCTYPE mapper
	PUBLIC "-//mybatis.org//DTD Mapper 3.0//EN"
	"http://mybatis.org/dtd/mybatis-3-mapper.dtd">
 
<mapper namespace="ProjectManagementMapper">
	
	<select id="investList" resultType="kr.co.creator.vo.ProjectVO">
		SELECT *
		FROM 	project_list 
		WHERE	judge_status = 1
		ORDER BY regi_date
	</select>
	
	<select id="project_calc" resultType="kr.co.creator.vo.ProjectVO">
		SELECT	COUNT(*) project_count, CAST(SUM(rate) / COUNT(*) AS DECIMAL(4, 2)) rate_average
		FROM	project_list 
	</select>
	
	<select id="invest_calc" resultType="kr.co.creator.vo.InvestVO">
		SELECT SUM(invest_price) sum_invest_price, 
		COUNT(invest_price) invest_count 
		FROM invest_list
	</select>
	
	<select id="projectDetail" parameterType="kr.co.creator.vo.ProjectVO" resultType="kr.co.creator.vo.ProjectVO">
		select	*, 
				COUNT(busi_num) loan_count, 
				SUM(price) sum_price, 
				SUM(guarantee_price) sum_guarantee_price 
		from	project_list 
		where 	project_num = #{project_num}
	</select>
	
	<select id="investDetail" parameterType="kr.co.creator.vo.InvestVO" resultType="kr.co.creator.vo.InvestVO">
		SELECT SUM(invest_price) invest_price, p.busi_num 
		FROM invest_list i, project_list p 
		WHERE i.project_num = p.project_num 
		AND p.busi_num = #{p_busi_num} 
		AND (i.user_num = #{user_num} OR i.busi_num = #{busi_num}) 
		AND p.ach_state = '투자하기'
	</select>
	
	<select id="guaranteeDetail" parameterType="kr.co.creator.vo.GuaranteeVO" resultType="kr.co.creator.vo.GuaranteeVO">
		select	* 
		from	guarantee 
		where 	project_num = #{project_num}
	</select>
	
	<update id="project_success" parameterType="kr.co.creator.vo.ProjectVO">
		update project_list
		set judge_status = 2
		where project_num = #{project_num}
	</update>
	
	<delete id="project_delete" parameterType="kr.co.creator.vo.ProjectVO">
		delete from project_list 
		where project_num = #{project_num}
	</delete>
</mapper>