<?xml version="1.0" encoding="UTF-8" ?>
<!DOCTYPE mapper
	PUBLIC "-//mybatis.org//DTD Mapper 3.0//EN"
	"http://mybatis.org/dtd/mybatis-3-mapper.dtd">
 
<mapper namespace="SupportMapper">
	
	<insert id="supportInsert"
			parameterType="kr.co.creator.vo.NoticeVO">
			insert into notice( title
							, notice_contents
							, notice_date)
		values( #{title}
				, #{notice_contents}
				, now())
	</insert>
	
	<insert id="supportInsert2"
			parameterType="kr.co.creator.vo.NoticeVO">
			insert into notice_operation( title
							, notice_contents
							, notice_date)
		values( #{title}
				, #{notice_contents}
				, now())
	</insert>
	
	<select id="supportList"
			resultType="kr.co.creator.vo.NoticeVO">
		select *
			FROM notice
			order by notice_date desc
	</select>
	
	<select id="supportList2"
			parameterType="kr.co.creator.vo.NoticeVO" 
			resultType="kr.co.creator.vo.NoticeVO">
		select *
			FROM notice
			where notice_type = #{notice_type}
			order by notice_date desc
	</select>
	
	<delete id="supportDelete"
			parameterType="kr.co.creator.vo.NoticeVO">
			delete
			from notice
			where notice_num = #{notice_num}
	</delete>
	
	<select id="supportDetail"
			parameterType="kr.co.creator.vo.NoticeVO"
			resultType="kr.co.creator.vo.NoticeVO">
		select *
			from notice 
			where notice_num = #{notice_num}
	</select>
	
	<select id="supportDetailType"
			parameterType="kr.co.creator.vo.NoticeVO"
			resultType="kr.co.creator.vo.NoticeVO">
		select *
			from notice 
			where notice_num = #{notice_num}
			and notice_type = #{notice_type}
	</select>
	
	</mapper>