<?xml version="1.0" encoding="UTF-8"?>
<beans xmlns="http://www.springframework.org/schema/beans"
	xmlns:xsi="http://www.w3.org/2001/XMLSchema-instance"
	xsi:schemaLocation="http://www.springframework.org/schema/beans https://www.springframework.org/schema/beans/spring-beans.xsd
						http://www.springframework.org/schema/mvc http://www.springframework.org/schema/mvc/spring-mvc.xsd
						http://www.springframework.org/schema/context http://www.springframework.org/schema/context/spring-context.xsd"
	xmlns:mvc="http://www.springframework.org/schema/mvc" xmlns:context="http://www.springframework.org/schema/context">

	
	<bean id="dataSourceSpied" class="org.apache.tomcat.jdbc.pool.DataSource">
<!-- 		<property name="driverClassName" value="oracle.jdbc.driver.OracleDriver" /> -->
<!-- 		<property name="url" value="jdbc:oracle:thin:@localhost:1521:xe" /> -->
<!-- 		<property name="username" value="scott" /> -->
<!-- 		<property name="password" value="tiger" /> -->
		<property name="driverClassName" value="com.mysql.cj.jdbc.Driver" />
		<property name="url" value="jdbc:mysql://umj7-006.cafe24.com:3306/whitesky1203?serverTimezone=UTC" />
		<property name="username" value="whitesky1203" />
		<property name="password" value="zhdlxm12!" />
		<property name="validationQuery" value="SELECT 1" />
		<property name="testOnBorrow" value="true" />
		<property name="initialSize" value="10" />
		<property name="maxActive" value="100" />
		<property name="maxIdle" value="30" />
		<property name="minIdle" value="5" />
	</bean>

<!-- 이메일 -->
	<bean id ="mailSender" class="org.springframework.mail.javamail.JavaMailSenderImpl">
		<property name="host" value="smtp.gmail.com"/> <!-- smtp 서버명 -->
		<property name="port" value="587"/> <!-- 포트 번호 -->
		<property name="username" value="didmeto22@gmail.com"/> <!-- id -->
		<property name="password" value="zhdlxm12!"/> <!-- 비밀번호 -->
		<property name="javaMailProperties">
			<props>
				<prop key="mail.smtp.starttls.enable">true</prop>
				<prop key="mail.transport.protocol">smtp</prop>
				<prop key="mail.smtp.auth">true</prop>
				<prop key="mail.debug">true</prop>            			
			</props>
		</property>
	</bean>



	<bean id="dataSource" class="net.sf.log4jdbc.Log4jdbcProxyDataSource">
        <constructor-arg ref="dataSourceSpied" />
        <property name="logFormatter">
            <bean class="net.sf.log4jdbc.tools.Log4JdbcCustomFormatter">
                <property name="loggingType" value="MULTI_LINE" />
                <property name="sqlPrefix" value="SQL : "/>
            </bean>
        </property>
    </bean>

	<bean id="sqlSessionFactory" class="org.mybatis.spring.SqlSessionFactoryBean">
		<property name="dataSource" ref="dataSource" />
		<property name="configLocation" value="classpath:/META-INF/mybatis-context.xml"/> <!-- sql이 저장되는 경로 -->
	</bean>

	<bean id="sqlSession" class="org.mybatis.spring.SqlSessionTemplate">	<!-- 실제로 사용하는것 -->
		<constructor-arg index="0" ref="sqlSessionFactory" />
	</bean>

	<bean id="transactionManager" class="org.springframework.jdbc.datasource.DataSourceTransactionManager">
		<property name="dataSource" ref="dataSource"/>
	</bean>
</beans>
